ID,NOMBRE,image_file
1209,Talebloo,1009292.png
1261,Ameen,1021867.png
2078,Lecluse,10234.png
4567,F. Ravanelli,103381.png
235,Zagorakis,104086.png
1232,Narazaki,106020.png
4513,José Cardozo,106090.png
3617,Georgatos,114659.png
2740,Tininho,115839.png
2238,Lonfat,116350.png
745,Mateus da Costa,12001212.png
985,Wise,1200824.png
1120,Marlón Ayoví,120976.png
1406,Arie Haan,127626.png
1786,Hao Haidong,128073.png
545,Petkovic,132635.png
2904,Petö,133263.png
270,Balog,133354.png
14,Ehmann,134571.png
19,Dospel,134589.png
4574,Jorge Costa,1360.png
4512,K. Andersson,1394715073.png
4466,G. Popescu,1394718107.png
3282,Pinilla,14030.png
1433,Olarticoechea,14031561.png
1440,Luis Galván,14089754.png
1447,Leopoldo Luque,14100767.png
1249,Al Ghamdi,144970.png
1258,Khathran,144973.png
330,Solonicins,145274.png
324,Zakresevskis,145335.png
326,Isakovs,145337.png
337,Korablovs,145381.png
1219,Enayati,145622.png
3154,Romero,14655.png
1208,Roudbarian,150127.png
3214,Alcántara,1503798.png
3294,José Ramón,1508844.png
3293,Pablo,1510161.png
3362,Gerardo,1510984.png
3183,Marcos Bermúdez,1512097.png
3042,Shoukov,15179.png
984,Wolfe,153977.png
749,Mario Hipólito,153994.png
3620,Dani García,15742.png
3799,Rasck,15942.png
3627,Hovhannisyan,1804927.png
3833,Alex de Souza,19022095.png
1349,Emmanuel Petit,1915464822.png
754,Miloy,2000167699.png
3312,Reggi,2000211.png
3579,Gall,2004183.png
4528,Matt Le Tissier,2004717.png
1777,Shipperley,2005492.png
1778,Short,2005497.png
1733,D. Thompson,2005705.png
1332,Ian Wright,2006032.png
1220,Kawaguchi,2010119.png
1226,H. Nakata,2010131.png
1229,Yanagisawa,2010145.png
387,Mulryne,2011583.png
384,Whitley,2011604.png
4584,Niall Quinn,2014470.png
1865,Mcmillan,2015760.png
3703,Diego,2105550.png
2425,Diego Silva,2108801.png
4469,Darío Silva,2268.png
1257,Al Bishi,23006948.png
4550,Haim Revivo,2467.png
1082,Luis Martínez,309270.png
1472,Careca,315654.png
3181,Baiano,318606.png
2136,Paulo César,3300663.png
2247,Séne,34000617.png
2316,Bourgeois,3502929.png
2275,Montero,3503289.png
1365,W. Overath,3604904.png
1415,Van Breukelen,36500424.png
3682,Berg,3877.png
1236,Endo,3900305.png
1234,Kaji,3900425.png
1227,Fukunishi,3900623.png
1231,Doi,3900637.png
1225,Santos,3900678.png
1238,Ogasawara,3901016.png
2433,Ficini,3994.png
1335,Jean-Luc Ettori,402979.png
3216,Jesus Muñoz,413.png
1369,Bodo Illgner,4200729.png
3421,Jauregi,4200948.png
3266,Morales,4203261.png
3267,Campano,4209725.png
3277,Abel Buades,4210245.png
3278,Jesús Serrano,4210555.png
3177,Borja Oubiña,4210850.png
3510,César Jiménez,4211119.png
4488,Thomas Ravelli,4400591.png
673,Selcuk,452852.png
1210,Bakhtiarizadeh,457296.png
3865,Emrah Umut,465076.png
342,Kolesnicenko,485543.png
343,Miholaps,485580.png
334,Piedels,485716.png
1537,Sam Ashton,5131130.png
1075,J. Contreras,5250111.png
1143,Jorge Núñez,5280398.png
1171,Pedro García,5290240.png
916,Melliti,5360698.png
810,Pappoe,5370511.png
2010,Dansoko,5370573.png
925,Danny Fonseca,5385013.png
2163,C. T. Ndiaye,55002409.png
1186,Oscar Castro,5512565.png
569,Valachovic,5640254.png
574,Reiter,5642460.png
960,R. Garcia,5660389.png
874,Raselemane,5680952.png
1276,Cho Jae Jin,5704751.png
533,N. Djordjevic,5743896.png
67,Yankovic,5745347.png
3031,Gakhokidze,59145996.png
2806,Buikema,601086.png
595,Siljak,619821.png
2479,Coco,65.png
2758,Roger,6700672.png
3272,Rubén Pérez,67009094.png
3338,Basilio Sancho,67010817.png
1715,Luque,6701339.png
3233,Velasco,6701711.png
3275,Marco,6701739.png
3345,Pavon,67018692.png
3330,Galán,67020847.png
3622,Giannou,675017.png
1455,Clodoaldo,6900565.png
1386,Gabriele Oriali,703138.png
2386,Russo,705884.png
1240,Tamada,7100027.png
1223,Nakazawa,7100040.png
1224,Komano,7100073.png
3403,Chavi Pascual,7448310.png
4546,T. Begiristain,7449788.png
3462,Puerta,7453007.png
3150,Oriol Riera,7459580.png
1792,Berbatov,7501700.png
748,Lama,7601284.png
2082,Khouma Keita,7601408.png
1233,Moniwa,775124.png
1221,Tsuboi,778081.png
1242,Maki,783142.png
2889,Hirayama,784424.png
1259,Al Bahri,7920103.png
1260,Massad,7920418.png
2376,Cocco,7988370.png
4492,Paolo Montero,8078.png
3349,Miñambres,812813.png
2329,Boccolini,837151.png
1385,F. Collovati,837385.png
2533,Tummiolo,837677.png
341,Blanks,8403977.png
345,Kalnins,8404000.png
1352,Thierry Tusseau,8425412.png
3775,Ponroy,8428682.png
3781,Stanger,8428686.png
2003,Yesso,8428755.png
4552,Igor Protti,8443.png
2084,Chouleur,8444529.png
3867,Zafer Sakar,8476204.png
3103,Zois,850200.png
2932,Van Emmerik,850256.png
2916,Van Bremen,860867.png
2934,Bakker,860961.png
2991,Pompelberg,861366.png
2808,Hofman,861862.png
3304,Dehu,8643.png
2279,Dallet,8652.png
1160,Vasallo,8835877.png
753,Marco Abreu,902215.png
2294,Faivre,910800.png
2024,Idangar,915739.png
1345,Didier Six,917398.png
1382,Claudio Gentile,918390.png
1336,Gérard Janvion,919088.png
2129,Padovani,919982.png
125,C. Jensen,9252.png
751,Lebo Lebo,95079966.png
